finemap_genomic_locus	chr	FineMap-start	FineMap-end	FineMap-start_hg38	FineMap-end_hg38
1	1	11130070	11652656	11070013	11592599
2	1	86075175	86673673	85609492	86207990
3	1	88964514	89444965	88498831	88979282
4	1	169007046	169078990	169037808	169109752
5	1	169895831	170928441	169926690	170959300
6	1	207819000	208158787	207645655	207985442
7	1	219085584	220070325	218912242	219896983
8	2	27989110	28503941	27766243	28281074
9	2	33318435	33626445	33093368	33401378
10	2	43203447	43292303	42976307	43065165
11	2	55987068	56133040	55759933	55905905
12	2	100202482	100938917	99586020	100322455
13	2	112310969	113415070	111553392	112657493
14	2	144510692	144672091	143753123	143914523
15	2	145504787	146156679	144747220	145399111
16	2	172163911	172454983	171307401	171598473
17	2	219291486	220294110	218426763	219429388
18	2	228120431	228268428	227255715	227403712
19	2	237899092	238501241	236990449	237592598
20	3	13536488	13626468	13494988	13584968
21	3	29363343	29408408	29321852	29366917
22	3	38417345	38646625	38375854	38605134
23	3	51497800	53480590	51463784	53446563
24	3	70604668	71684845	70555517	71635694
25	3	105001491	105326164	105282647	105607320
26	3	132119691	132588681	132400847	132869837
27	3	135468347	136949678	135749505	137230836
28	3	141033481	141338641	141314639	141619799
29	3	171565463	172046933	171847673	172329143
30	4	87058775	88443344	86137622	87522192
31	4	105994287	106415799	105073130	105494642
32	4	119472747	119878177	118551592	118957022
33	4	148984321	149169880	148063170	148248728
34	5	242792	520750	242677	520635
35	5	36435034	36464458	36434932	36464356
36	5	52234615	53056428	52938785	53760598
37	5	60937931	61082397	61642104	61786570
38	5	64344401	65184523	65048574	65888695
39	5	79251343	79402151	79955520	80106328
40	5	81716483	81939371	82420664	82643552
41	5	82479630	82959367	83183811	83663548
42	5	115131986	115252894	115796289	115917197
43	5	127572995	128014834	128237303	128679141
44	5	128696341	129445811	129360648	130110118
45	5	132126821	132137824	132791129	132802132
46	6	16497615	16560159	16497384	16559928
47	6	52215432	52433894	52350634	52569096
48	6	82592568	82852544	81882851	82142827
49	6	111636182	112003748	111314979	111682545
50	6	113216450	113557810	112895248	113236608
51	6	126572573	127414801	126251427	127093656
52	8	23201103	23475144	23343590	23617631
53	8	41006048	41158605	41148529	41301086
54	8	95654723	96112796	94642495	95100568
55	9	3745439	4240743	3745439	4240743
56	9	13516018	13877963	13516019	13877964
57	9	72302826	73188272	69687910	70573356
58	9	111508476	111624028	108746196	108861748
59	9	115914724	116132334	113152444	113370054
60	9	136852932	137583608	133987810	134691762
61	9	139769194	139961995	136874742	137067543
62	10	10774024	10922977	10732061	10881014
63	10	25740911	25986499	25451982	25697570
64	10	63795446	63955697	62035687	62195938
65	10	94508055	95247148	92748298	93487391
66	10	104378363	105566028	102618606	103806270
67	10	114835766	114920089	113076007	113160330
68	10	124035030	124235355	122275515	122475839
69	11	655541	827713	655541	827713
70	11	45181685	45706453	45160134	45684903
71	11	46803708	48467742	46782158	48446190
72	11	110853756	110942596	110983032	111071872
73	11	120139700	120387112	120268991	120516403
74	11	130251895	130334552	130382000	130464657
75	12	43421391	43980529	43027588	43586726
76	12	47518664	47666647	47124881	47272864
77	12	51674866	51772282	51281082	51378498
78	12	66314661	66386396	65920881	65992616
79	12	91208638	91954237	90814861	91560460
80	12	102394483	102914640	102000705	102520862
81	12	104230672	104505790	103836894	104112012
82	13	23134658	23252640	22560519	22678501
83	13	41032432	42475780	40458295	41901644
84	13	80916299	81662019	80342164	81087884
85	14	37448052	38226796	36978847	37757591
86	14	73047284	73848262	72580576	73381554
87	14	101683952	101719562	101217615	101253225
88	15	30075890	30208654	29783687	29916451
89	15	56086125	56321602	55793927	56029404
90	15	67409910	68370848	67117572	68078510
91	15	80646059	80862848	80353717	80570507
92	15	85517052	86380919	84973821	85837688
93	15	90290839	90346842	89747608	89803611
94	15	100640513	101165335	100100308	100625130
95	16	30514762	31370452	30503441	31359131
96	16	77287936	77739631	77254039	77705734
97	16	88213633	88381254	88180027	88347648
98	17	4697255	5178518	4793960	5275223
99	17	9823631	10034364	9920314	10131047
100	17	19492040	19664542	19588727	19761229
101	17	38091660	38271328	39935407	40115075
102	17	44868430	45298408	46791064	47221042
103	17	48241732	48277059	50164371	50199698
104	17	59451562	59501133	61374201	61423772
105	17	66730547	67668868	68734406	69672727
106	17	72792071	72932879	74795932	74936784
107	17	74595607	74845023	76599525	76848941
108	17	75492041	75533676	77495959	77537594
109	18	51511850	54328099	53985480	56660868
110	18	60833065	60920854	63165832	63253621
111	18	72872527	72919166	75160572	75207211
112	20	2033627	2171630	2052981	2190984
113	20	39577519	40269840	40948879	41641201
114	21	40124063	40266440	38752139	38894516
115	21	47032332	47559943	45612418	46140029
